online.de:imap.1und1.de:993
1031.inord.dk:mail.telenor.dk:143
123mail.dk:mail.telenor.dk:143
126.com:imap.126.com:993
12fuel.dk:mail.telenor.dk:143
12mail.dk:mail.telenor.dk:143
12move.dk:mail.telenor.dk:143
163.com:imap.163.com:993
1and1.co.uk:imap.1und1.de:993
1and1.com:imap.1und1.de:993
1and1.de:imap.1und1.de:993
1and1.es:imap.1und1.de:993
1and1.fr:imap.1und1.de:993
1blu.de:imap.1blu.de:993
1und1.de:imap.1und1.de:993
2die4.com:imap.mail.com:993
2senior.dk:mail.telenor.dk:143
a1.net:securemail.a1.net:993
abc.plala.or.jp:abc.mail.plala.or.jp:110
accountant.com:imap.mail.com:993
active24.com:email.active24.com:993
activist.com:imap.mail.com:993
adexec.com:imap.mail.com:993
africamail.com:imap.mail.com:993
agate.plala.or.jp:agate.mail.plala.or.jp:110
aim.com:imap.aim.com:993
aim.com:imap.aol.com:993
aircraftmail.com:imap.mail.com:993
alabama.usa.com:imap.mail.com:993
alaska.usa.com:imap.mail.com:993
alice-dsl.de:mail.o2mail.de:993
alice-dsl.net:mail.o2mail.de:993
alice.de:imap.alice.de:993
alice.it:in.alice.it:143
allergist.com:imap.mail.com:993
alumni.com:imap.mail.com:993
alumnidirector.com:imap.mail.com:993
amber.plala.or.jp:amber.mail.plala.or.jp:110
americamail.com:imap.mail.com:993
ameritech.net:inbound.att.net:995
amethyst.broba.cc:mail.broba.cc:110
amorki.pl:imap.poczta.onet.pl:993
amorous.com:imap.mail.com:993
anarki.dk:mail.telenor.dk:143
anderledes.dk:mail.telenor.dk:143
angelic.com:imap.mail.com:993
aol.com:imap.aol.com:993
aol.com:imap.de.aol.com:993
aol.de:imap.aim.com:993
aon.at:securemail.a1.net:993
aqua.plala.or.jp:aqua.mail.plala.or.jp:110
archaeologist.com:imap.mail.com:993
arcor.de:imap.arcor.de:993
arcormail.de:imap.arcor.de:993
arizona.usa.com:imap.mail.com:993
artlover.com:imap.mail.com:993
arubapec.it:imaps.pec.aruba.it:993
asia-mail.com:imap.mail.com:993
atheist.com:imap.mail.com:993
att.net:inbound.att.net:995
australiamail.com:imap.mail.com:993
autograf.pl:imap.poczta.onet.pl:993
ballade.plala.or.jp:ballade.mail.plala.or.jp:110
bartender.net:imap.mail.com:993
bay.gunmanet.ne.jp:bay.wind.ne.jp:110
bay.gunmanet.or.jp:bay.wind.ne.jp:110
bay.wind.co.jp:bay.wind.ne.jp:110
bay.wind.jp:bay.wind.ne.jp:110
bay.wind.ne.jp:bay.wind.ne.jp:110
bb-niigata.jp:pop.bb-niigata.jp:110
begavet.dk:mail.telenor.dk:143
beige.plala.or.jp:beige.mail.plala.or.jp:110
belgacom.net:imap.proximus.be:993
bell.net:imap.bell.net:993
bellsouth.net:inbound.att.net:995
berlin.com:imap.mail.com:993
berlin.de:pop3.berlin.de:993
bigger.com:imap.mail.com:993
biglobe.ne.jp:mail.biglobe.ne.jp:110
bigpond.com:mail.bigpond.com:995
bigpond.net.au:mail.bigpond.com:995
bigpond.net:mail.bigpond.com:995
bikerider.com:imap.mail.com:993
birdlover.com:imap.mail.com:993
bitnisse.dk:mail.telenor.dk:143
bk.ru:imap.mail.ru:993
blader.com:imap.mail.com:993
blu.it:imapmail.libero.it:143
blue.plala.or.jp:blue.mail.plala.or.jp:110
bluemail.ch:imaps.bluewin.ch:993
bluewin.ch:imaps.bluewin.ch:993
boardermail.com:imap.mail.com:993
bpost.plala.or.jp:bpost.mail.plala.or.jp:110
brazilmail.com:imap.mail.com:993
brew-master.com:imap.mail.com:993
brown.plala.or.jp:brown.mail.plala.or.jp:110
btinternet.com:mail.btinternet.com:993
btopenworld.com:mail.btinternet.com:993
buziaczek.pl:imap.poczta.onet.pl:993
california.usa.com:imap.mail.com:993
californiamail.com:imap.mail.com:993
cameo.plala.or.jp:cameo.mail.plala.or.jp:110
caress.com:imap.mail.com:993
casema.nl:pop.ziggo.nl:110
catlover.com:imap.mail.com:993
cc9.ne.jp:pop.cc9.ne.jp:110
cek.ne.jp:mail.cek.ne.jp:110
centurylink.net:pop.centurylink.net:995
centurytel.net:pop.centurytel.net:995
cgl.ucsf.edu:plato.cgl.ucsf.edu:993
charter.com:mobile.charter.net:993
charter.net:mobile.charter.net:993
cheerful.com:imap.mail.com:993
chef.net:imap.mail.com:993
chello.at:mail.upcmail.at:993
chello.nl:pop3.upcmail.nl:110
chemist.com:imap.mail.com:993
chinamail.com:imap.mail.com:993
city.dk:mail.telenor.dk:143
cityweb.de:mail.cityweb.de:993
clds.net:pop.centurytel.net:995
clerk.com:imap.mail.com:993
cliffhanger.com:imap.mail.com:993
clio.ne.jp:mail.clio.ne.jp:110
club-internet.fr:imap.sfr.fr:993
cmail.plala.or.jp:cmail.mail.plala.or.jp:110
cneweb.de:mx.versatel.de:143
co1.wind.jp:co1.wind.ne.jp:110
co1.wind.ne.jp:co1.wind.ne.jp:110
co2.wind.jp:co2.wind.ne.jp:110
co2.wind.ne.jp:co2.wind.ne.jp:110
co3.wind.jp:co3.wind.ne.jp:110
co3.wind.ne.jp:co3.wind.ne.jp:110
coastalnow.net:pop.centurytel.net:995
cochill.net:pop.centurytel.net:995
cocoa.plala.or.jp:cocoa.mail.plala.or.jp:110
coda.plala.or.jp:coda.mail.plala.or.jp:110
collector.org:imap.mail.com:993
columnist.com:imap.mail.com:993
comcast.net:imap.comcast.net:993
comic.com:imap.mail.com:993
computer4u.com:imap.mail.com:993
consultant.com:imap.mail.com:993
contractor.net:imap.mail.com:993
cool.dk:mail.telenor.dk:143
coolsite.net:imap.mail.com:993
coral.broba.ccv:mail.broba.cc:110
corp.mail.ru:imap.mail.ru:993
counsellor.com:imap.mail.com:993
count.com:imap.mail.com:993
couple.com:imap.mail.com:993
courante.plala.or.jp:courante.mail.plala.or.jp:110
cpost.plala.or.jp:cpost.mail.plala.or.jp:110
cream.plala.or.jp:cream.mail.plala.or.jp:110
cswnet.com:pop.centurytel.net:995
cty-net.com:pops.cty-net.ne.jp:995
cty-net.ne.jp:pops.cty-net.ne.jp:995
cutey.com:imap.mail.com:993
cyber-wizard.com:imap.mail.com:993
cyberdude.com:imap.mail.com:993
cyberdude.dk:mail.telenor.dk:143
cybergal.com:imap.mail.com:993
cyberjunkie.dk:mail.telenor.dk:143
dallasmail.com:imap.mail.com:993
dan.gunmanet.ne.jp:dan.wind.ne.jp:110
dan.gunmanet.or.jp:dan.wind.ne.jp:110
dan.wind.co.jp:dan.wind.ne.jp:110
dan.wind.jp:dan.wind.ne.jp:110
dan.wind.ne.jp:dan.wind.ne.jp:110
dance.plala.or.jp:dance.mail.plala.or.jp:110
dbzmail.com:imap.mail.com:993
deliveryman.com:imap.mail.com:993
diamond.broba.cc:mail.broba.cc:110
diplomats.com:imap.mail.com:993
directbox.com:imap.directbox.com:993
disciples.com:imap.mail.com:993
dk-online.dk:mail.telenor.dk:143
dk2net.dk:mail.telenor.dk:143
dmail.plala.or.jp:dmail.mail.plala.or.jp:110
doctor.com:imap.mail.com:993
doglover.com:imap.mail.com:993
doramail.com:imap.mail.com:993
dr.com:imap.mail.com:993
dublin.com:imap.mail.com:993
e23.jp:mbox.iijmio-mail.jp:110
earthling.net:imap.mail.com:993
earthlink.net:imap.earthlink.net:143
ebony.plala.or.jp:ebony.mail.plala.or.jp:110
eclipso:mail.eclipso.de:993
elinstallatoer.dk:mail.telenor.dk:143
elpasotel.net:pop3.elpasotel.net:995
elsker.dk:mail.telenor.dk:143
elvis.dk:mail.telenor.dk:143
elvisfan.com:imap.mail.com:993
emadisonriver.com:pop.centurytel.net:995
emadisonriver.net:pop.centurytel.net:995
email.com:imap.mail.com:993
email.cz:imap.seznam.cz:993
email.de:imap.web.de:993
email.dk:mail.telenor.dk:143
email.it:imapmail.email.it:993
email.plala.or.jp:email.mail.plala.or.jp:110
emailsrvr.com:secure.emailsrvr.com:993
embarqmail.com:pop.centurylink.net:995
engineer.com:imap.mail.com:993
englandmail.com:imap.mail.com:993
epost.de:mail.epost.de:993
europe.com:imap.mail.com:993
europemail.com:imap.mail.com:993
ewe.net:pop.ewe.net:995
ewetel.de:pop.ewe.net:995
ewetel.de:pop3s-1.ewetel.net:995
ewetel.net:pop3s-1.ewetel.net:995
execs.com:imap.mail.com:993
exmail.de:imap.web.de:993
fald.dk:mail.telenor.dk:143
fan.com:imap.mail.com:993
fantasy.plala.or.jp:fantasy.mail.plala.or.jp:110
fedt.dk:mail.telenor.dk:143
feelings.com:imap.mail.com:993
feminin.dk:mail.telenor.dk:143
film.dk:mail.telenor.dk:143
financier.com:imap.mail.com:993
firemail.de:firemail.de:143
fireman.net:imap.mail.com:993
flash.net:inbound.att.net:995
florida.usa.com:imap.mail.com:993
fmail.plala.or.jp:fmail.mail.plala.or.jp:110
foni.net:mx.versatel.de:143
footballer.com:imap.mail.com:993
forening.dk:mail.telenor.dk:143
fps-ingolstadt.de:imap.fps-ingolstadt.de:993
freakmail.de:imap.web.de:993
free.fr:imap.free.fr:993
freenet.de:mx.freenet.de:993
freesurf.ch:imap.sunrise.ch:993
gadefejer.dk:mail.telenor.dk:143
gallatinriver.net:pop.centurytel.net:995
gandi.net:mail.gandi.net:993
gardener.com:imap.mail.com:993
garnet.broba.cc:mail.broba.cc:110
gason.dk:mail.telenor.dk:143
gelsennet.de:mx.versatel.de:143
genion.de:imap.o2mail.de:993
geologist.com:imap.mail.com:993
germanymail.com:imap.mail.com:993
gigahost.dk:mail.gigahost.dk:993
gigapec.it:imaps.pec.aruba.it:993
gmail.com:imap.gmail.com:993
gmail.com:imap.googlemail.com:993
gmail.plala.or.jp:gmail.mail.plala.or.jp:110
gmx.at:imap.gmx.net:993
gmx.biz:imap.gmx.net:993
gmx.ca:imap.gmx.com:993
gmx.ch:imap.gmx.net:993
gmx.cn:imap.gmx.com:993
gmx.co.in:imap.gmx.com:993
gmx.co.uk:imap.gmx.com:993
gmx.com.br:imap.gmx.com:993
gmx.com.my:imap.gmx.com:993
gmx.com.tr:imap.gmx.com:993
gmx.com:imap.gmx.com:993
gmx.de:imap.gmx.net:993
gmx.es:imap.gmx.com:993
gmx.eu:imap.gmx.net:993
gmx.fr:imap.gmx.com:993
gmx.hk:imap.gmx.com:993
gmx.ie:imap.gmx.com:993
gmx.info:imap.gmx.net:993
gmx.it:imap.gmx.com:993
gmx.li:imap.gmx.com:993
gmx.net:imap.gmx.net:993
gmx.org:imap.gmx.net:993
gmx.ph:imap.gmx.com:993
gmx.pt:imap.gmx.com:993
gmx.ru:imap.gmx.com:993
gmx.se:imap.gmx.com:993
gmx.sg:imap.gmx.com:993
gmx.tm:imap.gmx.com:993
gmx.tw:imap.gmx.com:993
gmx.us:imap.gmx.com:993
go2.pl:poczta.o2.pl:995
go4more.de:imap.1und1.de:993
goneo.de:imap.goneo.de:993
goo.jp:pop.mail.goo.ne.jp:110
google.com:imap.gmail.com:993
google.com:imap.googlemail.com:993
googlemail.com:imap.gmail.com:993
googlemail.com:imap.googlemail.com:993
graduate.org:imap.mail.com:993
gransy.com:imap.gransy.com:993
grape.plala.or.jp:grape.mail.plala.or.jp:110
graphic-designer.com:imap.mail.com:993
grics.net:pop.centurytel.net:995
grin.dk:mail.telenor.dk:143
grov.dk:mail.telenor.dk:143
gulftel.com:pop.centurytel.net:995
hackermail.com:imap.mail.com:993
hairdresser.net:imap.mail.com:993
hal.ne.jp:mail.hal.ne.jp:110
hamburg.de:mail2.hamburg.de:993
hana.or.jp:mail.hana.or.jp:110
hanse.net:imap.o2mail.de:993
hardworking.dk:mail.telenor.dk:143
heaven.dk:mail.telenor.dk:143
hemmelig.dk:mail.telenor.dk:143
hilarious.com:imap.mail.com:993
hispeed.ch:imap.hispeed.ch:993
hockeymail.com:imap.mail.com:993
home.nl:pop.ziggo.nl:110
homemail.com:imap.mail.com:993
hot-shot.com:imap.mail.com:993
hotmail.co.jp:imap-mail.outlook.com:993
hotmail.co.uk:imap-mail.outlook.com:993
hotmail.com.br:imap-mail.outlook.com:993
hotmail.com:imap-mail.outlook.com:993
hotmail.de:imap-mail.outlook.com:993
hotmail.es:imap-mail.outlook.com:993
hotmail.fr:imap-mail.outlook.com:993
hotmail.it:imap-mail.outlook.com:993
hour.com:imap.mail.com:993
htp-tel.de:mail.htp-tel.de :993
huleboer.dk:mail.telenor.dk:143
humanoid.net:imap.mail.com:993
iijmio-mail.jp:mbox.iijmio-mail.jp:110
iiyama-catv.ne.jp:mail.iiyama-catv.ne.jp:110
illinois.usa.com:imap.mail.com:993
image.dk:mail.telenor.dk:143
imail.plala.or.jp:imail.mail.plala.or.jp:110
iname.com:imap.mail.com:993
inbound.dk:mail.telenor.dk:143
inbox.lt:mail.inbox.lt:995
inbox.lv:mail.inbox.lv:995
inbox.ru:imap.mail.ru:993
indbakke.dk:mail.telenor.dk:143
indigo.plala.or.jp:indigo.mail.plala.or.jp:110
infile.dk:mail.telenor.dk:143
info.dk:mail.telenor.dk:143
ingpec.eu:imaps.pec.aruba.it:993
innocent.com:imap.mail.com:993
inode.at:mail.inode.at:993
inorbit.com:imap.mail.com:993
instruction.com:imap.mail.com:993
instructor.net:imap.mail.com:993
insurer.com:imap.mail.com:993
internetserver.cz:imap.gransy.com:993
inwind.it:imapmail.libero.it:143
io.dk:mail.telenor.dk:143
iol.it:imapmail.libero.it:143
irelandmail.com:imap.mail.com:993
ispgateway.de:sslmailpool.ispgateway.de:993
it.dk:mail.telenor.dk:143
italymail.com:imap.mail.com:993
ivory.plala.or.jp:ivory.mail.plala.or.jp:110
iwafune.ne.jp:po.iwafune.ne.jp:110
ix.netcom.com:imap.earthlink.net:143
jade.plala.or.jp:jade.mail.plala.or.jp:110
japan.com:imap.mail.com:993
jazztel.es:imap.gmail.com:993
jazztel.es:imap.googlemail.com:993
jet.ne.jp:pop.jet.ne.jp:110
ji.jet.ne.jp:pop02.jet.ne.jp:110
jmail.plala.or.jp:jmail.mail.plala.or.jp:110
journalist.com:imap.mail.com:993
jyde.dk:mail.telenor.dk:143
k1.gunmanet.ne.jp:kl.wind.ne.jp:110
k1.gunmanet.or.jp:kl.wind.ne.jp:110
k1.wind.jp:kl.wind.ne.jp:110
kabelbw.de:imap.kabelbw.de:993
kabelmail.de:pop3.kabelmail.de:995
kabelmail:imap.kabelmail.de:993
kelcom.net:pop1.kelcom.net:110
keromail.com:imap.mail.com:993
khaki.plala.or.jp:khaki.mail.plala.or.jp:110
kidcity.be:imap.proximus.be:993
kittymail.com:imap.mail.com:993
kl.gunmanet.ne.jp:kl.wind.ne.jp:110
kl.gunmanet.or.jp:kl.wind.ne.jp:110
kl.wind.jp:kl.wind.ne.jp:110
klog.dk:mail.telenor.dk:143
kmail.plala.or.jp:kmail.mail.plala.or.jp:110
knus.dk:mail.telenor.dk:143
koreamail.com:imap.mail.com:993
krudt.dk:mail.telenor.dk:143
kulturel.dk:mail.telenor.dk:143
kundenserver.de:imap.1und1.de:993
lapis.plala.or.jp:lapis.mail.plala.or.jp:110
laposte.net:imap.laposte.net:993
larsen.dk:mail.telenor.dk:143
lawyer.com:imap.mail.com:993
lazy.dk:mail.telenor.dk:143
legislator.com:imap.mail.com:993
lemon.plala.or.jp:lemon.mail.plala.or.jp:110
libero.it:imapmail.libero.it:143
lilac.plala.or.jp:lilac.mail.plala.or.jp:110
lime.plala.or.jp:lime.mail.plala.or.jp:110
linuxmail.org:imap.mail.com:993
list.ru:imap.mail.ru:993
live.at:imap-mail.outlook.com:993
live.co.jp:imap-mail.outlook.com:993
live.co.uk:imap-mail.outlook.com:993
live.com:imap-mail.outlook.com:993
live.de:imap-mail.outlook.com:993
live.fr:imap-mail.outlook.com:993
live.it:imap-mail.outlook.com:993
live.jp:imap-mail.outlook.com:993
live.nl:imap-mail.outlook.com:993
london.com:imap.mail.com:993
loop.de:imap.o2mail.de:993
loveable.com:imap.mail.com:993
lovecat.com:imap.mail.com:993
lycos:imap.lycos.com:993
lystig.dk:mail.telenor.dk:143
m3.cty-net.ne.jp:pops.cty-net.ne.jp:995
m6.cty-net.ne.jp:pops.cty-net.ne.jp:995
mac.com:imap.mail.me.com:993
mad.scientist.com:imap.mail.com:993
madisonriver.biz:pop.centurytel.net:995
madonnafan.com:imap.mail.com:993
madrid.com:imap.mail.com:993
mahoroba.ne.jp:mail.mahoroba.ne.jp:110
mail.com:imap.mail.com:993
mail.de:imap.mail.de:993
mail.dia.dk:mail.telenor.dk:143
mail.dk:pop3.mail.dk:110
mail.gunmanet.jp:mail.wind.ne.jp:110
mail.gunmanet.ne.jp:mail.wind.ne.jp:110
mail.gunmanet.or.jp:mail.wind.ne.jp:110
mail.iwafune.ne.jp:mail.iwafune.ne.jp:110
mail.org:imap.mail.com:993
mail.ru:imap.mail.ru:993
mail.telenor.dk:mail.telenor.dk:143
mail.wind.co.jp:mail.wind.ne.jp:110
mail.wind.jp:mail.wind.ne.jp:110
mail.wind.ne.jp:mail.wind.ne.jp:110
marchmail.com:imap.mail.com:993
maskulin.dk:mail.telenor.dk:143
me.com:imap.mail.me.com:993
mebtel.net:pop.centurytel.net:995
mexicomail.com:imap.mail.com:993
min-postkasse.dk:mail.telenor.dk:143
mindless.com:imap.mail.com:993
mindspring.com:imap.earthlink.net:143
minister.com:imap.mail.com:993
minuet.plala.or.jp:minuet.mail.plala.or.jp:110
miobox.jp:mbox.iijmio-mail.jp:110
miomio.jp:mbox.iijmio-mail.jp:110
ml.murakami.ne.jp:ml.murakami.ne.jp:110
ml.shibata.ne.jp:%EMAILDOMAIN%:110
mobil.dk:mail.telenor.dk:143
mobsters.com:imap.mail.com:993
monarchy.com:imap.mail.com:993
mopera.net:mail.mopera.net:993
moscowmail.com:imap.mail.com:993
mozilla.com:imap.googlemail.com:993
mozillafoundation.org:imap.googlemail.com:993
msn.com:imap-mail.outlook.com:993
munich.com:imap.mail.com:993
musician.org:imap.mail.com:993
muslim.com:imap.mail.com:993
musling.dk:mail.telenor.dk:143
mymail.ch:mail.mymail.ch:993
mypec.eu:imaps.pec.aruba.it:993
myself.com:imap.mail.com:993
narod.ru:imap.yandex.com:993
natteliv.dk:mail.telenor.dk:143
navy.plala.or.jp:navy.mail.plala.or.jp:110
netbruger.dk:mail.telenor.dk:143
netcologne.de:imap.netcologne.de:993
netscape.net:imap.aol.com:993
neuf.fr:imap.sfr.fr:993
newyork.usa.com:imap.mail.com:993
nifty.com:pop.nifty.com:110
nord-com.net:imap.swbmail.de:993
nsat.jp:mail.nsat.jp:110
null.net:imap.mail.com:993
nvbell.net:inbound.att.net:995
nycmail.com:imap.mail.com:993
o2.pl:poczta.o2.pl:995
o2mail.de:imap.o2mail.de:993
o2online.de:imap.o2mail.de:993
oath.com:imap.mail.com:993
ocn.ad.jp:pop.ocn.ne.jp:995
ocn.ne.jp:pop.ocn.ne.jp:995
olive.plala.or.jp:olive.mail.plala.or.jp:110
one.com:imap.one.com:993
onet.eu:imap.poczta.onet.pl:993
onet.pl:imap.poczta.onet.pl:993
online.de:imap.1und1.de:993
onlinehome.de:imap.1und1.de:993
op.pl:imap.poczta.onet.pl:993
opal.plala.or.jp:opal.mail.plala.or.jp:110
optician.com:imap.mail.com:993
orange.fr:imap.orange.fr:993
orchid.plala.or.jp:orchid.mail.plala.or.jp:110
osnanet.de:imap.osnanet.de:993
outlook.com:imap-mail.outlook.com:993
ovh.net:ssl0.ovh.net:993
pacbell.net:inbound.att.net:995
pacificwest.com:imap.mail.com:993
palette.plala.or.jp:palette.mail.plala.or.jp:110
parabox.or.jp:pop3.parabox.or.jp:110
pec.it:imaps.pec.aruba.it:993
pedal.dk:mail.telenor.dk:143
pengemand.dk:mail.telenor.dk:143
peoplepc.com:imap.peoplepc.com:143
petlover.com:imap.mail.com:993
photographer.net:imap.mail.com:993
playful.com:imap.mail.com:993
po.gunmanet.ne.jp:po.wind.ne.jp:110
po.gunmanet.or.jp:po.wind.ne.jp:110
po.wind.co.jp:po.wind.ne.jp:110
po.wind.jp:po.wind.ne.jp:110
po.wind.ne.jp:po.wind.ne.jp:110
pobox.com:mail.pobox.com:993
poczta.onet.eu:imap.poczta.onet.pl:993
poczta.onet.pl:imap.poczta.onet.pl:993
poetic.com:imap.mail.com:993
pokerface.dk:mail.telenor.dk:143
politician.com:imap.mail.com:993
polka.plala.or.jp:polka.mail.plala.or.jp:110
pop.shibata.ne.jp:%EMAILDOMAIN%:110
popstar.com:imap.mail.com:993
post.com:imap.mail.com:993
post.cybercity.dk:mail.telenor.dk:143
post.cz:imap.seznam.cz:993
post.dia.dk:mail.telenor.dk:143
posteo.at:posteo.de:143
posteo.ch:posteo.de:143
posteo.de:posteo.de:143
posteo.eu:posteo.de:143
posteo.org:posteo.de:143
postman.dk:mail.telenor.dk:143
presidency.com:imap.mail.com:993
priest.com:imap.mail.com:993
privat.dia.dk:mail.telenor.dk:143
privatmail.dk:mail.telenor.dk:143
prodigy.net:inbound.att.net:995
programmer.net:imap.mail.com:993
prokonto.pl:poczta.o2.pl:995
proximus.be:imap.proximus.be:993
ptd.net:promail.ptd.net:993
publicist.com:imap.mail.com:993
q.com:mail.q.com:995
qq.com:imap.qq.com:993
quake.dk:mail.telenor.dk:143
quicknet.nl:pop.ziggo.nl:110
rainbow.plala.or.jp:rainbow.mail.plala.or.jp:110
rambler.ru:mail.rambler.ru:993
ready.dk:mail.telenor.dk:143
realtyagent.com:imap.mail.com:993
reborn.com:imap.mail.com:993
rediffmail.com:pop.rediffmail.com:993
reggaefan.com:imap.mail.com:993
religious.com:imap.mail.com:993
repairman.com:imap.mail.com:993
representative.com:imap.mail.com:993
republika.pl:imap.poczta.onet.pl:993
rescueteam.com:imap.mail.com:993
revenue.com:imap.mail.com:993
rmail.plala.or.jp:rmail.mail.plala.or.jp:110
rocketmail.com:imap.mail.yahoo.com:993
rocketship.com:imap.mail.com:993
rockfan.com:imap.mail.com:993
rome.com:imap.mail.com:993
rondo.plala.or.jp:rondo.mail.plala.or.jp:110
rose.plala.or.jp:rose.mail.plala.or.jp:110
rouge.plala.or.jp:rouge.mail.plala.or.jp:110
royal.net:imap.mail.com:993
rr.com:mail.twc.com:993
ruby.plala.or.jp:ruby.mail.plala.or.jp:110
ruhrnet-online.de:mx.versatel.de:143
rzone.de:imap.strato.de:993
saintly.com:imap.mail.com:993
sakunet.ne.jp:mail.sakunet.ne.jp:110
salesperson.net:imap.mail.com:993
sanfranmail.com:imap.mail.com:993
sbcglobal.net:inbound.att.net:995
schlund.de:imap.1und1.de:993
scientist.com:imap.mail.com:993
scotlandmail.com:imap.mail.com:993
secret.dk:mail.telenor.dk:143
secretary.net:imap.mail.com:993
secureserver.net:pop.secureserver.net:995
seductive.com:imap.mail.com:993
serenade.plala.or.jp:serenade.mail.plala.or.jp:110
seznam.cz:imap.seznam.cz:993
sfr.fr:imap.sfr.fr:993
silk.plala.or.jp:silk.mail.plala.or.jp:110
silver.plala.or.jp:silver.mail.plala.or.jp:110
singapore.com:imap.mail.com:993
sky.com:imap.tools.sky.com:993
sky.plala.or.jp:sky.mail.plala.or.jp:110
skynet.be:imap.proximus.be:993
sleepy.dk:mail.telenor.dk:143
smail.plala.or.jp:smail.mail.plala.or.jp:110
smart-mail:imap.smart-mail.de:993
smtp.cz:email.active24.com:993
snakebite.com:imap.mail.com:993
snet.net:inbound.att.net:995
snow.plala.or.jp:snow.mail.plala.or.jp:110
so.wind.jp:so.wind.ne.jp:143
so.wind.ne.jp:so.wind.ne.jp:143
sofort-start.de:imap.1und1.de:993
sofort-surf.de:imap.1und1.de:993
sofortstart.de:imap.1und1.de:993
sofortsurf.de:imap.1und1.de:993
sonata.plala.or.jp:sonata.mail.plala.or.jp:110
songwriter.net:imap.mail.com:993
soon.com:imap.mail.com:993
spainmail.com:imap.mail.com:993
spoluzaci.cz:imap.seznam.cz:993
sporty.dk:mail.telenor.dk:143
strato.de:imap.strato.de:993
studenti.univr.it:univr.mail.cineca.it:993
suite.plala.or.jp:suite.mail.plala.or.jp:110
sunrise.ch:imap.sunrise.ch:993
superbruger.dk:mail.telenor.dk:143
surfeu.de:mail.surfeu.de:993
swbell.net:inbound.att.net:995
swbmail.de:imap.swbmail.de:993
swissonline.ch:imap.hispeed.ch:993
sympatico.ca:imap.bell.net:993
symphony.plala.or.jp:symphony.mail.plala.or.jp:110
t-online.de:secureimap.t-online.de:993
talent.dk:mail.telenor.dk:143
talk21.com:mail.btinternet.com:993
tanke.dk:mail.telenor.dk:143
taupe.plala.or.jp:taupe.mail.plala.or.jp:110
taxidriver.dk:mail.telenor.dk:143
teachers.org:imap.mail.com:993
techie.com:imap.mail.com:993
technologist.com:imap.mail.com:993
teens.dk:mail.telenor.dk:143
teknik.dk:mail.telenor.dk:143
telebel.de:mx.versatel.de:143
telelev.de:mx.versatel.de:143
telenet.be:imap.telenet.be:993
teleos-web.de:pop.ewe.net:995
telstra.com:mail.bigpond.com:995
terra.es:imap4.terra.es:143
texas.usa.com:imap.mail.com:993
thegame.com:imap.mail.com:993
therapist.net:imap.mail.com:993
thinline.cz:mail.cesky-hosting.cz:993
tiscali.cz:pop3.mail.tiscali.cz:110
tiscali.it:imap.tiscali.it:993
tiscali.net:imap.tiscali.it:993
tjekket.dk:mail.telenor.dk:143
tlen.pl:poczta.o2.pl:995
tmail.plala.or.jp:tmail.mail.plala.or.jp:110
toke.com:imap.mail.com:993
tokyo.com:imap.mail.com:993
toothfairy.com:imap.mail.com:993
topaz.plala.or.jp:topaz.mail.plala.or.jp:110
traceroute.dk:mail.telenor.dk:143
trio.plala.or.jp:trio.mail.plala.or.jp:110
tu-berlin.de:mailbox.tu-berlin.de:993
tv.dk:mail.telenor.dk:143
tvstar.com:imap.mail.com:993
ugenstilbud.dk:mail.telenor.dk:143
umpire.com:imap.mail.com:993
ungdom.dk:mail.telenor.dk:143
uni-muenster.de:imap.uni-muenster.de:993
uni.de:mail.uni.de:993
unitybox.de:imap.unitybox.de:993
unitybox.de:mail.unitybox.de:993
uol.com.br:pop3.uol.com.br:995
upcmail.nl:pop3.upcmail.nl:110
usa.com:imap.mail.com:993
utanet.at:mail.utanet.at:993
uymail.com:imap.mail.com:993
verizon.net:pop.verizon.net:995
versanet.de:mx.versatel.de:143
versatel.de:imap4.versatel.de:993
versatel.de:mx.versatel.de:143
video.dk:mail.telenor.dk:143
violet.plala.or.jp:violet.mail.plala.or.jp:110
vip.cybercity.dk:mail.telenor.dk:143
virgin.net:imap4.virgin.net:993
virginmedia.com:imap.virginmedia.com:993
vittig.dk:mail.telenor.dk:143
vm.aikis.or.jp:mail.aikis.or.jp:995
vmail.plala.or.jp:vmail.mail.plala.or.jp:110
vodafone.de:imap.vodafone.de:993
vodafone.net:imap.vodafone.de:993
vp.pl:imap.poczta.onet.pl:993
vp.tiki.ne.jp:vp.tiki.ne.jp:110
vr-web.de:mail.vr-web.de:993
vtxmail.ch:smtp.vtxmail.ch:993
wallet.com:imap.mail.com:993
waltz.plala.or.jp:waltz.mail.plala.or.jp:110
wanadoo.fr:imap.orange.fr:993
wans.net:inbound.att.net:995
wave.plala.or.jp:wave.mail.plala.or.jp:110
web.de:imap.web.de:993
webhuset.no:imap.webhuset.no:993
webname.com:imap.mail.com:993
weirdness.com:imap.mail.com:993
who.net:imap.mail.com:993
whoever.com:imap.mail.com:993
wine.plala.or.jp:wine.mail.plala.or.jp:110
winning.com:imap.mail.com:993
witty.com:imap.mail.com:993
wmail.plala.or.jp:wmail.mail.plala.or.jp:110
wo.cz:pop3.mail.tiscali.cz:110
wol.dk:mail.telenor.dk:143
worker.com:imap.mail.com:993
workmail.com:imap.mail.com:993
worldmail.cz:pop3.mail.tiscali.cz:110
worldonline.cz:pop3.mail.tiscali.cz:110
worldonline.dk:mail.telenor.dk:143
wp.pl:imap.wp.pl:993
writeme.com:imap.mail.com:993
x-il.jp:mbox.iijmio-mail.jp:110
xmail.plala.or.jp:xmail.mail.plala.or.jp:110
xp.wind.jp:xp.wind.jp:110
xpost.plala.or.jp:xpost.mail.plala.or.jp:110
xtra.co.nz:pop3.xtra.co.nz:995
ya.ru:imap.yandex.com:993
yahoo.co.jp:pop.mail.yahoo.co.jp:995
yahoo.co.nz:imap.mail.yahoo.com:993
yahoo.co.uk:imap.mail.yahoo.com:993
yahoo.com.ar:imap.mail.yahoo.com:993
yahoo.com.au:imap.mail.yahoo.com:993
yahoo.com.br:imap.mail.yahoo.com:993
yahoo.com.mx:imap.mail.yahoo.com:993
yahoo.com:imap.mail.yahoo.com:993
yahoo.de:imap.mail.yahoo.com:993
yahoo.es:imap.mail.yahoo.com:993
yahoo.fr:imap.mail.yahoo.com:993
yahoo.gr:imap.mail.yahoo.com:993
yahoo.it:imap.mail.yahoo.com:993
yahoo.no:imap.mail.yahoo.com:993
yahoo.se:imap.mail.yahoo.com:993
yahoodns.net:imap.mail.yahoo.com:993
yandex.by:imap.yandex.com:993
yandex.com:imap.yandex.com:993
yandex.kz:imap.yandex.com:993
yandex.net:imap.yandex.com:993
yandex.ru:imap.yandex.com:993
yandex.ua:imap.yandex.com:993
ybb.ne.jp:ybbpop.mail.yahoo.co.jp:995
yeah.net:imap.yeah.net:993
yellow.plala.or.jp:yellow.mail.plala.or.jp:110
ymail.com:imap.mail.yahoo.com:993
ymail.plala.or.jp:ymail.mail.plala.or.jp:110
yours.com:imap.mail.com:993
ypost.plala.or.jp:ypost.mail.plala.or.jp:110
zeelandnet.nl:mail.zeelandnet.nl:993
ziggo.nl:pop.ziggo.nl:110
zmail.plala.or.jp:zmail.mail.plala.or.jp:110

neostrada.pl:imap.neostrada.pl:993
neostrada.pl:imap.neostrada.pl:993
neostrada.pl:imap.neostrada.pl:993
gazeta.pl:imap.gazeta.pl:993
robopol.pl:imap.robopol.pl:993
mp.pl:imap.mp.pl:993
gazeta.pl:imap.gazeta.pl:993
master.pl:imap.master.pl:993
kkc.pl:imap.kkc.pl:993
neostrada.pl:imap.neostrada.pl:993
neostrada.pl:imap.neostrada.pl:993
neostrada.pl:imap.neostrada.pl:993
atlas.cz:imap.atlas.cz:993
inbox.com:imap.inbox.com:993
be4.pl:imap.be4.pl:993
miechow.eu:imap.miechow.eu:993
vivanco.pl:imap.vivanco.pl:993
os.pl:imap.os.pl:993
pup-brzesko.pl:imap.pup-brzesko.pl:993
czasnaokna.pl:imap.czasnaokna.pl:993
zdunik.pl:imap.zdunik.pl:993
awbud.pl:imap.awbud.pl:993
siedliszcze.pl:imap.siedliszcze.pl:993
aksamit.cc:imap.aksamit.cc:993
futuremedia.pl:imap.futuremedia.pl:993
ca2.pl:imap.ca2.pl:993
separator-spareparts.pl:imap.separator-spareparts.pl:993
cotron.pl:imap.cotron.pl:993
epf.pl:imap.epf.pl:993
epf.pl:imap.epf.pl:993
orbikon.pl:imap.orbikon.pl:993
epf.pl:imap.epf.pl:993
infocity.pl:imap.infocity.pl:993
pef.pl:imap.pef.pl:993
biuronet.com:imap.biuronet.com:993
depesz.com:imap.depesz.com:993
stryjecki.com:imap.stryjecki.com:993
spectra-lighting.pl:imap.spectra-lighting.pl:993
02.pl:imap.02.pl:993
tremark.pl:imap.tremark.pl:993
nethut.pl:imap.nethut.pl:993
omi.pl:imap.omi.pl:993
mtdc.pl:imap.mtdc.pl:993
zuz.pl:imap.zuz.pl:993
2cd.pl:imap.2cd.pl:993
adamus.pl:imap.adamus.pl:993
skrzynka.pl:imap.skrzynka.pl:993
castor.pl:imap.castor.pl:993
ekoinstal.com:imap.ekoinstal.com:993
bbb.pl:imap.bbb.pl:993
annex.pl:imap.annex.pl:993
vanila.pl:imap.vanila.pl:993
globinfosec.pl:imap.globinfosec.pl:993
xart.pl:imap.xart.pl:993
tre.pl:imap.tre.pl:993
izomet.pl:imap.izomet.pl:993
cfl.pl:imap.cfl.pl:993
nci.pl:imap.nci.pl:993
konto.pl:imap.konto.pl:993
ziomek.biz:imap.ziomek.biz:993
interklasa.pl:imap.interklasa.pl:993
bajery.pl:imap.bajery.pl:993
meratronik.pl:imap.meratronik.pl:993
konto.pl:imap.konto.pl:993
konto.pl:imap.konto.pl:993
mancomplex.pl:imap.mancomplex.pl:993
list.pl:imap.list.pl:993
tu.pl:imap.tu.pl:993
zbibud.pl:imap.zbibud.pl:993
pepero.pl:imap.pepero.pl:993
canagri.pl:imap.canagri.pl:993
poczta.pl:imap.poczta.pl:993
grzemski.com:imap.grzemski.com:993
teleconnect.pl:imap.teleconnect.pl:993
skokmalopolska.eu:imap.skokmalopolska.eu:993
arctowski.pl:imap.arctowski.pl:993
platan.pl:imap.platan.pl:993
eiver.pl:imap.eiver.pl:993
deev.pl:imap.deev.pl:993
telerad.pl:imap.telerad.pl:993
tell.pl:imap.tell.pl:993
MATLA.PL:imap.MATLA.PL:993
larambla.pl:imap.larambla.pl:993
visiona.pl:imap.visiona.pl:993
grundserwis.pl:imap.grundserwis.pl:993
rockitworks.pl:imap.rockitworks.pl:993
epoczta.pl:imap.epoczta.pl:993
kuska.pl:imap.kuska.pl:993
bth.pl:imap.bth.pl:993
grass.pl:imap.grass.pl:993
vertex.pl:imap.vertex.pl:993
fuks.pl:imap.fuks.pl:993
home.pl:imap.home.pl:993
ochronacertus.pl:imap.ochronacertus.pl:993
zielony.info:imap.zielony.info:993
pwlarix.pl:imap.pwlarix.pl:993
elzbieciak.com:imap.elzbieciak.com:993
elektro-centrum.pl:imap.elektro-centrum.pl:993
farkha.org:imap.farkha.org:993
millstudio.pl:imap.millstudio.pl:993
inet.pl:imap.inet.pl:993
true.pl:imap.true.pl:993
apx.pl:imap.apx.pl:993
raczkowski.pl:imap.raczkowski.pl:993
bieleniewicz.com:imap.bieleniewicz.com:993
zoznam.sk:imap.zoznam.sk:993
energoprojekt.pl:imap.energoprojekt.pl:993
bulmach.pl:imap.bulmach.pl:993
sagan23.com:imap.sagan23.com:993
esot.pl:imap.esot.pl:993
4poziom.pl:imap.4poziom.pl:993
terramap.pl:imap.terramap.pl:993
tvr24.pl:imap.tvr24.pl:993
szwajdych.pl:imap.szwajdych.pl:993
vancargo.com:imap.vancargo.com:993
zozfamilia.pl:imap.zozfamilia.pl:993
webstream.pl:imap.webstream.pl:993
trans-ziem.pl:imap.trans-ziem.pl:993
nastrazy.pl:imap.nastrazy.pl:993
lissta.pl:imap.lissta.pl:993
centrumseniora.pl:imap.centrumseniora.pl:993
m-d-s.pl:imap.m-d-s.pl:993
elcargdynia.pl:imap.elcargdynia.pl:993
top-promotion.pl:imap.top-promotion.pl:993
borner.pl:imap.borner.pl:993
intertele.pl:imap.intertele.pl:993
datamomentum.eu:imap.datamomentum.eu:993
akoarchitekci.pl:imap.akoarchitekci.pl:993
klanad.pl:imap.klanad.pl:993
dataconsult.pl:imap.dataconsult.pl:993
wszkipz.pl:imap.wszkipz.pl:993
aplauz.pl:imap.aplauz.pl:993
miklan.pl:imap.miklan.pl:993
sggw.pl:imap.sggw.pl:993
greg.pl:imap.greg.pl:993
xelos.pl:imap.xelos.pl:993
widzew.net:imap.widzew.net:993
rtprojekt.pl:imap.rtprojekt.pl:993
agencjalime.pl:imap.agencjalime.pl:993
przeworno.pl:imap.przeworno.pl:993
ozdzinski.pl:imap.ozdzinski.pl:993
imperial.pl:imap.imperial.pl:993
euroasia.pl:imap.euroasia.pl:993
actislink.com:imap.actislink.com:993
qst.pl:imap.qst.pl:993
veracomp.pl:imap.veracomp.pl:993
iscar.pl:imap.iscar.pl:993
propertygem.pl:imap.propertygem.pl:993
sonia.pl:imap.sonia.pl:993
bhppracy.pl:imap.bhppracy.pl:993
hydroplant.pl:imap.hydroplant.pl:993
sdg.pl:imap.sdg.pl:993
tax-bonus.eu:imap.tax-bonus.eu:993
blk.pl:imap.blk.pl:993
milowice.net:imap.milowice.net:993
argos-ochrona.pl:imap.argos-ochrona.pl:993
konbet.pl:imap.konbet.pl:993
eskadra.pl:imap.eskadra.pl:993
pzgraf.pl:imap.pzgraf.pl:993
zagiel.pl:imap.zagiel.pl:993
grodno.net:imap.grodno.net:993
endodoncja.pl:imap.endodoncja.pl:993
praktycy.com:imap.praktycy.com:993
decomariage.pl:imap.decomariage.pl:993
argo.pl:imap.argo.pl:993
czarekkwasny.com:imap.czarekkwasny.com:993
double.pl:imap.double.pl:993
fastserv.pl:imap.fastserv.pl:993
izomet.net:imap.izomet.net:993
maan.pl:imap.maan.pl:993
netstar.pl:imap.netstar.pl:993
eurotel.pl:imap.eurotel.pl:993
meblarek.eu:imap.meblarek.eu:993
hsw-kuznia.pl:imap.hsw-kuznia.pl:993
rubikon.pl:imap.rubikon.pl:993
wik.pl:imap.wik.pl:993
hahs-dental.de:imap.hahs-dental.de:993
wopol.pl:imap.wopol.pl:993
surowki.pl:imap.surowki.pl:993
cedar.pl:imap.cedar.pl:993
azet.sk:imap.azet.sk:993
wycena.net:imap.wycena.net:993
kppspgryfino.pl:imap.kppspgryfino.pl:993
parktronik.pl:imap.parktronik.pl:993
cukiernia-krol.pl:imap.cukiernia-krol.pl:993
vakomtek.com:imap.vakomtek.com:993
russellbedford.pl:imap.russellbedford.pl:993
brainstormgroup.pl:imap.brainstormgroup.pl:993
mlynski.pl:imap.mlynski.pl:993
miks-meble.pl:imap.miks-meble.pl:993
architao.com:imap.architao.com:993
krecichwost.pl:imap.krecichwost.pl:993
mmconcept.pl:imap.mmconcept.pl:993
ewipo.pl:imap.ewipo.pl:993
grupapresso.pl:imap.grupapresso.pl:993
adwokatura.pl:imap.adwokatura.pl:993
hitmark.pl:imap.hitmark.pl:993
oshee.eu:imap.oshee.eu:993
fotoaga.pl:imap.fotoaga.pl:993
muraszko.eu:imap.muraszko.eu:993
pcrf.pl:imap.pcrf.pl:993
bcagroup.pl:imap.bcagroup.pl:993
zorganizuje.pl:imap.zorganizuje.pl:993
rmstudio.pl:imap.rmstudio.pl:993
expert-chorzow.pl:imap.expert-chorzow.pl:993
pholland.eu:imap.pholland.eu:993
studioatre.pl:imap.studioatre.pl:993
czuk.net:imap.czuk.net:993
3w.pl:imap.3w.pl:993
net-s.pl:imap.net-s.pl:993
motivepower.pl:imap.motivepower.pl:993
dobreterapie.pl:imap.dobreterapie.pl:993
cholewa.pl:imap.cholewa.pl:993
fotokwadrat.com:imap.fotokwadrat.com:993
hiltonfoods.pl:imap.hiltonfoods.pl:993
deeveeloop.pl:imap.deeveeloop.pl:993
polskajestpiekna.eu:imap.polskajestpiekna.eu:993
optimabg.pl:imap.optimabg.pl:993
gmali.com:imap.gmali.com:993
erecinski.pl:imap.erecinski.pl:993
ratajczak.com:imap.ratajczak.com:993
tracom.pl:imap.tracom.pl:993
smulczynski.com:imap.smulczynski.com:993
kndp.pl:imap.kndp.pl:993
bednarzwaldpflege.eu:imap.bednarzwaldpflege.eu:993
nwlegal.pl:imap.nwlegal.pl:993
interia.pl:imap.interia.pl:993
interia.pl:imap.interia.pl:993
interia.pl:imap.interia.pl:993
farta.pl:imap.farta.pl:993
multikolor.pl:imap.multikolor.pl:993
specserwis.pl:imap.specserwis.pl:993
podolski.pl:imap.podolski.pl:993
zoho.com:imap.zoho.com:993
nmc-pe.eu:imap.nmc-pe.eu:993
jakubisiak.pl:imap.jakubisiak.pl:993
pawelszmit.pl:imap.pawelszmit.pl:993
michalczewski.pl:imap.michalczewski.pl:993
woda.pl:imap.woda.pl:993
asd.pl:imap.asd.pl:993
bochem.pl:imap.bochem.pl:993
humaneo.pl:imap.humaneo.pl:993
jmdi.pl:imap.jmdi.pl:993
interstyl.pl:imap.interstyl.pl:993
vip-nawrot.pl:imap.vip-nawrot.pl:993
kostbet.pl:imap.kostbet.pl:993
der.pl:imap.der.pl:993
newmillennium.pl:imap.newmillennium.pl:993
pieczatki24.pl:imap.pieczatki24.pl:993
sewera.pl:imap.sewera.pl:993
monroe.pl:imap.monroe.pl:993
ezt.pl:imap.ezt.pl:993
aa.pl:imap.aa.pl:993
dccomp.pl:imap.dccomp.pl:993
apteka-niezapominajka.pl:imap.apteka-niezapominajka.pl:993
autofusbmw.pl:imap.autofusbmw.pl:993
enova.pl:imap.enova.pl:993
kuczma.info:imap.kuczma.info:993
zn.pl:imap.zn.pl:993
citybroker.pl:imap.citybroker.pl:993
media-pol.pl:imap.media-pol.pl:993
sanisystem.pl:imap.sanisystem.pl:993
galeriabb.com:imap.galeriabb.com:993
agro-metal.pl:imap.agro-metal.pl:993
odfoundation.eu:imap.odfoundation.eu:993
termster.pl:imap.termster.pl:993
crtl.pl:imap.crtl.pl:993
sportkonsulting.pl:imap.sportkonsulting.pl:993
swie.ch:imap.swie.ch:993
profilgroup.com:imap.profilgroup.com:993
abisspoland.pl:imap.abisspoland.pl:993
ostra-metale.pl:imap.ostra-metale.pl:993
szpzlo-ochota.pl:imap.szpzlo-ochota.pl:993
bandi.pl:imap.bandi.pl:993
akademiamaluchow.pl:imap.akademiamaluchow.pl:993
test.pl:imap.test.pl:993
tellyo.com:imap.tellyo.com:993
edura.pl:imap.edura.pl:993
maddalena.pl:imap.maddalena.pl:993
stec.pl:imap.stec.pl:993
stationwarsaw.com:imap.stationwarsaw.com:993
navi-net.pl:imap.navi-net.pl:993
mojebambino.pl:imap.mojebambino.pl:993
proauto.pl:imap.proauto.pl:993
gacol.pl:imap.gacol.pl:993
p.pl:imap.p.pl:993
isolbud.pl:imap.isolbud.pl:993
praks.pl:imap.praks.pl:993
szpitalbialogard.pl:imap.szpitalbialogard.pl:993
ukr.net:imap.ukr.net:993
mikucki.pl:imap.mikucki.pl:993
adith.pl:imap.adith.pl:993
hotelsofia.pl:imap.hotelsofia.pl:993
duo-fix.pl:imap.duo-fix.pl:993
grucza.pl:imap.grucza.pl:993
u-kp.pl:imap.u-kp.pl:993
kompasspedycja.pl:imap.kompasspedycja.pl:993
h1.pl:imap.h1.pl:993
cerel.pl:imap.cerel.pl:993
ukr.net:imap.ukr.net:993
hurtownia-kalbo.pl:imap.hurtownia-kalbo.pl:993
atrumlodz.pl:imap.atrumlodz.pl:993
meblewrs.pl:imap.meblewrs.pl:993
chlewik.pl:imap.chlewik.pl:993
weglohut.pl:imap.weglohut.pl:993
coolflowers.pl:imap.coolflowers.pl:993
archgeo.pl:imap.archgeo.pl:993
harmonicastudio.pl:imap.harmonicastudio.pl:993
networkedassets.org:imap.networkedassets.org:993
werpol.pl:imap.werpol.pl:993
pzpobiecz.pl:imap.pzpobiecz.pl:993
childphotographyacademy.com:imap.childphotographyacademy.com:993
granpol.com:imap.granpol.com:993
ganinex.com:imap.ganinex.com:993
koden.pl:imap.koden.pl:993
medholding.eu:imap.medholding.eu:993
zerotronik.pl:imap.zerotronik.pl:993
sankom.pl:imap.sankom.pl:993
abaart.pl:imap.abaart.pl:993
fr.pl:imap.fr.pl:993
hartcom.pl:imap.hartcom.pl:993
cekis.pl:imap.cekis.pl:993
tascom.pl:imap.tascom.pl:993
decare.pl:imap.decare.pl:993
puruspolska.pl:imap.puruspolska.pl:993
expertwbiurze.pl:imap.expertwbiurze.pl:993
bytnar.pl:imap.bytnar.pl:993
bajonski.pl:imap.bajonski.pl:993
technomatic.pl:imap.technomatic.pl:993
expresshouse.pl:imap.expresshouse.pl:993
bulhak.pl:imap.bulhak.pl:993
warsawequity.com:imap.warsawequity.com:993
ramirent.pl:imap.ramirent.pl:993
grafixon.pl:imap.grafixon.pl:993
konsoleigry.pl:imap.konsoleigry.pl:993
nutrismed.net:imap.nutrismed.net:993
kredi.pl:imap.kredi.pl:993
maxmed.eu:imap.maxmed.eu:993
trend-si.pl:imap.trend-si.pl:993
darstal.eu:imap.darstal.eu:993
agdgalicja.pl:imap.agdgalicja.pl:993
piaski.pl:imap.piaski.pl:993
viatradycja.pl:imap.viatradycja.pl:993
vegafone.pl:imap.vegafone.pl:993
studiokms.pl:imap.studiokms.pl:993
astelas.pl:imap.astelas.pl:993
tjsp.pl:imap.tjsp.pl:993
mitex-polska.pl:imap.mitex-polska.pl:993
integrators.pl:imap.integrators.pl:993
young-cjo.pl:imap.young-cjo.pl:993
videocom.pl:imap.videocom.pl:993
turbo-poland.pl:imap.turbo-poland.pl:993
adjust.marketing:imap.adjust.marketing:993
it-energy.pl:imap.it-energy.pl:993
3pix.pl:imap.3pix.pl:993
pro-wet.pl:imap.pro-wet.pl:993
monofaktura.pl:imap.monofaktura.pl:993
imtp.pl:imap.imtp.pl:993
lukasievic.eu:imap.lukasievic.eu:993
elektroplus.biz:imap.elektroplus.biz:993
unifiedfactory.com:imap.unifiedfactory.com:993
polimer-polska.pl:imap.polimer-polska.pl:993
mzazdobra.pl:imap.mzazdobra.pl:993
entex-service.pl:imap.entex-service.pl:993
ekoceos.pl:imap.ekoceos.pl:993
raaks.pl:imap.raaks.pl:993
bieranowski.pl:imap.bieranowski.pl:993
szkentla.pl:imap.szkentla.pl:993
fintecnic.eu:imap.fintecnic.eu:993
zuisztum.pl:imap.zuisztum.pl:993
wimmdig.com:imap.wimmdig.com:993
ms-investments.eu:imap.ms-investments.eu:993
pegaz-gry.pl:imap.pegaz-gry.pl:993
vita-med.pl:imap.vita-med.pl:993
linkbaby.pl:imap.linkbaby.pl:993
boo.pl:imap.boo.pl:993
korzec.pl:imap.korzec.pl:993
tkn.pl:imap.tkn.pl:993
kopiarki-serwis.pl:imap.kopiarki-serwis.pl:993
medidea.pl:imap.medidea.pl:993
smjaroty.pl:imap.smjaroty.pl:993
beatris.eu:imap.beatris.eu:993
kapeka.pl:imap.kapeka.pl:993
pawilonyefekt.pl:imap.pawilonyefekt.pl:993
profit-partner.eu:imap.profit-partner.eu:993
cccp.pl:imap.cccp.pl:993
cuprumit.pl:imap.cuprumit.pl:993
lasvegasdrink.pl:imap.lasvegasdrink.pl:993
efirst.asia:imap.efirst.asia:993
informermed.eu:imap.informermed.eu:993
betterware.pl:imap.betterware.pl:993
serwisposchodkach.pl:imap.serwisposchodkach.pl:993
geoserwis.org:imap.geoserwis.org:993
woj-kat.pl:imap.woj-kat.pl:993
legia.pl:imap.legia.pl:993
eprawnik.eu:imap.eprawnik.eu:993
betflor.pl:imap.betflor.pl:993
saffron.pl:imap.saffron.pl:993
jar-trans.pl:imap.jar-trans.pl:993
specx.pl:imap.specx.pl:993
marinus.pl:imap.marinus.pl:993
politrade.pl:imap.politrade.pl:993
deric.pl:imap.deric.pl:993
regogrupa.com:imap.regogrupa.com:993
mwasilewski.com:imap.mwasilewski.com:993
elpoeko.pl:imap.elpoeko.pl:993
joka.pl:imap.joka.pl:993
kleib.pl:imap.kleib.pl:993
investdecor.pl:imap.investdecor.pl:993
rubimeble.pl:imap.rubimeble.pl:993
klopocinski.pl:imap.klopocinski.pl:993
boltman.pl:imap.boltman.pl:993
polhun.pl:imap.polhun.pl:993
jtkonkurent.pl:imap.jtkonkurent.pl:993
staszalek.pl:imap.staszalek.pl:993
alluline.pl:imap.alluline.pl:993
tesla-management.com:imap.tesla-management.com:993
budomex.com:imap.budomex.com:993
netbis.pl:imap.netbis.pl:993
kckis.pl:imap.kckis.pl:993
vnd.pl:imap.vnd.pl:993
kancelaria-ksiegowa.net:imap.kancelaria-ksiegowa.net:993
munster.pl:imap.munster.pl:993
smartbpo.pl:imap.smartbpo.pl:993
sail-ho.pl:imap.sail-ho.pl:993
f-plast.pl:imap.f-plast.pl:993
inkluzlogistik.eu:imap.inkluzlogistik.eu:993
help.pl:imap.help.pl:993
promat.pl:imap.promat.pl:993
globalpr.eu:imap.globalpr.eu:993
excite.com:imap.excite.com:993
nowaidea.com:imap.nowaidea.com:993
specpoz.pl:imap.specpoz.pl:993
notelit.pl:imap.notelit.pl:993
euromebelstyl.pl:imap.euromebelstyl.pl:993
leszekciesla.pl:imap.leszekciesla.pl:993
naszdom-koszalin.pl:imap.naszdom-koszalin.pl:993
kancelariabelwederska.pl:imap.kancelariabelwederska.pl:993
patent-service.pl:imap.patent-service.pl:993
2a.pl:imap.2a.pl:993
energoserwis.pl:imap.energoserwis.pl:993
osadamaruszyna.pl:imap.osadamaruszyna.pl:993
gotravel.pl:imap.gotravel.pl:993
nicom.pl:imap.nicom.pl:993
nicom.pl:imap.nicom.pl:993
paarc.pl:imap.paarc.pl:993
chemet.pl:imap.chemet.pl:993
np.pl:imap.np.pl:993
offteam.pl:imap.offteam.pl:993
kozle.pl:imap.kozle.pl:993
stylizatornia.pl:imap.stylizatornia.pl:993
artvisionstudio.pl:imap.artvisionstudio.pl:993
powerevents.pl:imap.powerevents.pl:993
dermed.pl:imap.dermed.pl:993
zespolsystem.pl:imap.zespolsystem.pl:993
pokoje-hotelowe.pl:imap.pokoje-hotelowe.pl:993
salaenigma.pl:imap.salaenigma.pl:993
willapark.pl:imap.willapark.pl:993
oprawamuzycznaimprez.pl:imap.oprawamuzycznaimprez.pl:993
cyclad.pl:imap.cyclad.pl:993
cyclad.pl:imap.cyclad.pl:993
saint-exupery.pl:imap.saint-exupery.pl:993
gmsystem.pl:imap.gmsystem.pl:993
profesjonalne-pozycjonowanie.pl:imap.profesjonalne-pozycjonowanie.pl:993
abc-work.pl:imap.abc-work.pl:993
sadpolubowny.pl:imap.sadpolubowny.pl:993
tri.pl:imap.tri.pl:993
steeler.pl:imap.steeler.pl:993
galeriapabianicka.pl:imap.galeriapabianicka.pl:993
studioabit.pl:imap.studioabit.pl:993
multikop.pl:imap.multikop.pl:993
fantom.pl:imap.fantom.pl:993
fotodaro.pl:imap.fotodaro.pl:993
fischer.pl:imap.fischer.pl:993
indruk.pl:imap.indruk.pl:993
passeo.pl:imap.passeo.pl:993
decan.pl:imap.decan.pl:993
multikop.pl:imap.multikop.pl:993
helyo.pl:imap.helyo.pl:993
hedom.pl:imap.hedom.pl:993
uni-druk.pl:imap.uni-druk.pl:993
studio906.pl:imap.studio906.pl:993
kalibracje.pl:imap.kalibracje.pl:993
law-reklama.pl:imap.law-reklama.pl:993
4n.pl:imap.4n.pl:993
romanik.pl:imap.romanik.pl:993
sisco.pl:imap.sisco.pl:993
falter.pl:imap.falter.pl:993
drukarnie24.pl:imap.drukarnie24.pl:993
medikon.pl:imap.medikon.pl:993
tamir.pl:imap.tamir.pl:993
ress.pl:imap.ress.pl:993
i-haft.pl:imap.i-haft.pl:993
mastiff.pl:imap.mastiff.pl:993
tetenal.pl:imap.tetenal.pl:993
sentyrz.pl:imap.sentyrz.pl:993
geoplan.pl:imap.geoplan.pl:993
falter.pl:imap.falter.pl:993
policom.pl:imap.policom.pl:993
bastex.pl:imap.bastex.pl:993
idruk.pl:imap.idruk.pl:993
maxet.pl:imap.maxet.pl:993
spina.pl:imap.spina.pl:993
fhupixel.pl:imap.fhupixel.pl:993
ress.pl:imap.ress.pl:993
noszecochce.pl:imap.noszecochce.pl:993
jagatex.pl:imap.jagatex.pl:993
dandruk.pl:imap.dandruk.pl:993
ksero-tecza.pl:imap.ksero-tecza.pl:993
agrelo.pl:imap.agrelo.pl:993
dkaren.pl:imap.dkaren.pl:993
lucrum.pl:imap.lucrum.pl:993
maltext.pl:imap.maltext.pl:993
lucrum.pl:imap.lucrum.pl:993
hds69.pl:imap.hds69.pl:993
sangraf.pl:imap.sangraf.pl:993
studionadruku.pl:imap.studionadruku.pl:993
kserownia.pl:imap.kserownia.pl:993
ress.pl:imap.ress.pl:993
kserownia.pl:imap.kserownia.pl:993
kserownia.pl:imap.kserownia.pl:993
colorobbia.pl:imap.colorobbia.pl:993
alfataxi.pl:imap.alfataxi.pl:993
ricardotaxi.pl:imap.ricardotaxi.pl:993
sybet.pl:imap.sybet.pl:993
s31.pl:imap.s31.pl:993
lasertechnik.pl:imap.lasertechnik.pl:993
apteka-viola.pl:imap.apteka-viola.pl:993
paraglider.pl:imap.paraglider.pl:993
klinwet.pl:imap.klinwet.pl:993
bkssc.pl:imap.bkssc.pl:993
sikor.pl:imap.sikor.pl:993
jakar.pl:imap.jakar.pl:993
metkastudio.pl:imap.metkastudio.pl:993
haus.pl:imap.haus.pl:993
rafael.pl:imap.rafael.pl:993
qesagency.pl:imap.qesagency.pl:993
wsqn.pl:imap.wsqn.pl:993
wydawnictwofeeria.pl:imap.wydawnictwofeeria.pl:993
mwydawnictwo.pl:imap.mwydawnictwo.pl:993
sibysi.pl:imap.sibysi.pl:993
photho.pl:imap.photho.pl:993
begier.pl:imap.begier.pl:993
sexyshoes.pl:imap.sexyshoes.pl:993
italcolor.pl:imap.italcolor.pl:993
italpolprodukt.pl:imap.italpolprodukt.pl:993
peters.pl:imap.peters.pl:993
extpro.pl:imap.extpro.pl:993
daxton.pl:imap.daxton.pl:993
vanthorn.pl:imap.vanthorn.pl:993
hanasushi.pl:imap.hanasushi.pl:993
ortisokna.pl:imap.ortisokna.pl:993
mexicotrade.pl:imap.mexicotrade.pl:993
sagana.pl:imap.sagana.pl:993
sexshop69.pl:imap.sexshop69.pl:993
wamexsa.pl:imap.wamexsa.pl:993
maxx10group.pl:imap.maxx10group.pl:993
italianfashion.pl:imap.italianfashion.pl:993
gatito.pl:imap.gatito.pl:993
aik.pl:imap.aik.pl:993
royalcollection.pl:imap.royalcollection.pl:993
paktbhp.pl:imap.paktbhp.pl:993
wsw.pl:imap.wsw.pl:993
vestito.pl:imap.vestito.pl:993
glosuj.pl:imap.glosuj.pl:993
ent.pl:imap.ent.pl:993
eri.pl:imap.eri.pl:993
m-ar.pl:imap.m-ar.pl:993
adshop.pl:imap.adshop.pl:993
nuit.pl:imap.nuit.pl:993
rosik.pl:imap.rosik.pl:993
lmd.pl:imap.lmd.pl:993
formet-zaune.pl:imap.formet-zaune.pl:993
wroclawcitytour.pl:imap.wroclawcitytour.pl:993
vip.pl:imap.vip.pl:993
hempseed.pl:imap.hempseed.pl:993
welc.pl:imap.welc.pl:993
ircom.pl:imap.ircom.pl:993
greenfone.pl:imap.greenfone.pl:993
kidsforever.pl:imap.kidsforever.pl:993
eurolider.pl:imap.eurolider.pl:993
rmytraders.pl:imap.rmytraders.pl:993
klarglass.pl:imap.klarglass.pl:993
ostap.pl:imap.ostap.pl:993
bonadea.pl:imap.bonadea.pl:993
klarglass.pl:imap.klarglass.pl:993
zregdansk.pl:imap.zregdansk.pl:993
heinz-glas.pl:imap.heinz-glas.pl:993
warwin.pl:imap.warwin.pl:993
gorbrex.pl:imap.gorbrex.pl:993
jatr.pl:imap.jatr.pl:993
wisiena.pl:imap.wisiena.pl:993
cyberteam.pl:imap.cyberteam.pl:993
gorbrex.pl:imap.gorbrex.pl:993
zekar.pl:imap.zekar.pl:993
kospel.pl:imap.kospel.pl:993
inspectors.pl:imap.inspectors.pl:993
prolabnaklo.pl:imap.prolabnaklo.pl:993
maverick.pl:imap.maverick.pl:993
energoinstal.pl:imap.energoinstal.pl:993
otik.pl:imap.otik.pl:993
kariwo.pl:imap.kariwo.pl:993
okser.pl:imap.okser.pl:993
equi-shop.pl:imap.equi-shop.pl:993
centro-chem.pl:imap.centro-chem.pl:993
123.pl:imap.123.pl:993
ekomega.pl:imap.ekomega.pl:993
prevac.pl:imap.prevac.pl:993
asum.pl:imap.asum.pl:993
po.pl:imap.po.pl:993
advanced.pl:imap.advanced.pl:993
lenalighting.pl:imap.lenalighting.pl:993
cadworks.pl:imap.cadworks.pl:993
za.pl:imap.za.pl:993
on-eco.pl:imap.on-eco.pl:993
amister.pl:imap.amister.pl:993
metob.pl:imap.metob.pl:993
zettransport.pl:imap.zettransport.pl:993
gos.pl:imap.gos.pl:993
lisiecki.pl:imap.lisiecki.pl:993
skr.pl:imap.skr.pl:993
tvteletronik.pl:imap.tvteletronik.pl:993
keys.pl:imap.keys.pl:993
activstats.pl:imap.activstats.pl:993
ncore.pl:imap.ncore.pl:993
ipgate.pl:imap.ipgate.pl:993
ipgate.pl:imap.ipgate.pl:993
newstyler.pl:imap.newstyler.pl:993
tatanka.pl:imap.tatanka.pl:993
spirex.pl:imap.spirex.pl:993
maszynydrukarskie.pl:imap.maszynydrukarskie.pl:993
needles.pl:imap.needles.pl:993
majex.pl:imap.majex.pl:993
udekorujdom.pl:imap.udekorujdom.pl:993
arbiko.pl:imap.arbiko.pl:993
stereos.pl:imap.stereos.pl:993
aum.pl:imap.aum.pl:993
despol.pl:imap.despol.pl:993
hack.pl:imap.hack.pl:993
space.pl:imap.space.pl:993
uce.pl:imap.uce.pl:993
tanecznepasje.pl:imap.tanecznepasje.pl:993
mextra.pl:imap.mextra.pl:993
psa.pl:imap.psa.pl:993
fewe.pl:imap.fewe.pl:993
rialex.pl:imap.rialex.pl:993
efektor.pl:imap.efektor.pl:993
elektromont.pl:imap.elektromont.pl:993
efektor.pl:imap.efektor.pl:993
ssn.pl:imap.ssn.pl:993
controlsystem.pl:imap.controlsystem.pl:993
efektor.pl:imap.efektor.pl:993
pco.pl:imap.pco.pl:993
over.pl:imap.over.pl:993
pomp.pl:imap.pomp.pl:993
dpsystem.pl:imap.dpsystem.pl:993
pco.pl:imap.pco.pl:993
civ.pl:imap.civ.pl:993
igloport.pl:imap.igloport.pl:993
sabel.pl:imap.sabel.pl:993
pipelife.pl:imap.pipelife.pl:993
zghboleslaw.pl:imap.zghboleslaw.pl:993
optex.pl:imap.optex.pl:993
teknika.pl:imap.teknika.pl:993
spomasz-pleszew.pl:imap.spomasz-pleszew.pl:993
meckoszalin.pl:imap.meckoszalin.pl:993
introl.pl:imap.introl.pl:993
lsis.pl:imap.lsis.pl:993
wolapasze.pl:imap.wolapasze.pl:993
walterpolska.pl:imap.walterpolska.pl:993
teknoamerblok.pl:imap.teknoamerblok.pl:993
selfa.pl:imap.selfa.pl:993
pozbruk.pl:imap.pozbruk.pl:993
jawnet.pl:imap.jawnet.pl:993
lactima.pl:imap.lactima.pl:993
poliuretany.pl:imap.poliuretany.pl:993
wolapasze.pl:imap.wolapasze.pl:993
elektris.pl:imap.elektris.pl:993
energosoft.pl:imap.energosoft.pl:993
promat-woda.pl:imap.promat-woda.pl:993
doko.pl:imap.doko.pl:993
climatic.pl:imap.climatic.pl:993
cisowianka.pl:imap.cisowianka.pl:993
rpwikzawiercie.pl:imap.rpwikzawiercie.pl:993
zrus.pl:imap.zrus.pl:993
klimabytom.pl:imap.klimabytom.pl:993
aklima.pl:imap.aklima.pl:993
ffp2.pl:imap.ffp2.pl:993
remixsa.pl:imap.remixsa.pl:993
klimabytom.pl:imap.klimabytom.pl:993
hitin.pl:imap.hitin.pl:993
kama-vitrum.pl:imap.kama-vitrum.pl:993
ec-zdwola.pl:imap.ec-zdwola.pl:993
kannegiesser.pl:imap.kannegiesser.pl:993
eeodlewnia.pl:imap.eeodlewnia.pl:993
skill-k.pl:imap.skill-k.pl:993
vortumnus.pl:imap.vortumnus.pl:993
nitroerg.pl:imap.nitroerg.pl:993
postep.pl:imap.postep.pl:993
prodmax.pl:imap.prodmax.pl:993
hydro-partner.pl:imap.hydro-partner.pl:993
firmaflora.pl:imap.firmaflora.pl:993
miszewo.pl:imap.miszewo.pl:993
weldon.pl:imap.weldon.pl:993
re-kord.pl:imap.re-kord.pl:993
maszynydopraniadywanow.pl:imap.maszynydopraniadywanow.pl:993
hydro-partner.pl:imap.hydro-partner.pl:993
schodylempa.pl:imap.schodylempa.pl:993
holzexport.pl:imap.holzexport.pl:993
prek.pl:imap.prek.pl:993
fam-to.pl:imap.fam-to.pl:993
wandalex.pl:imap.wandalex.pl:993
mlynex.pl:imap.mlynex.pl:993
sarserwis.pl:imap.sarserwis.pl:993
packprofil.pl:imap.packprofil.pl:993
polna-slask.pl:imap.polna-slask.pl:993
seen.pl:imap.seen.pl:993
hfinverter.pl:imap.hfinverter.pl:993
intester.pl:imap.intester.pl:993
linkap.pl:imap.linkap.pl:993
alpol.pl:imap.alpol.pl:993
gremitech.pl:imap.gremitech.pl:993
impall.pl:imap.impall.pl:993
intec.pl:imap.intec.pl:993
bisokna.pl:imap.bisokna.pl:993
hfinverter.pl:imap.hfinverter.pl:993
remzap.pl:imap.remzap.pl:993
wipasz.pl:imap.wipasz.pl:993
zechik.pl:imap.zechik.pl:993
aniro.pl:imap.aniro.pl:993
asaj.pl:imap.asaj.pl:993
cknh.pl:imap.cknh.pl:993
powers.pl:imap.powers.pl:993
astorga.pl:imap.astorga.pl:993
zpsa.pl:imap.zpsa.pl:993
diamant.pl:imap.diamant.pl:993
zelmotor.pl:imap.zelmotor.pl:993
szwajczak.pl:imap.szwajczak.pl:993
igloo.pl:imap.igloo.pl:993
uni-klima.pl:imap.uni-klima.pl:993
pp-arbud.pl:imap.pp-arbud.pl:993
smbieluch.pl:imap.smbieluch.pl:993
mega-trans.pl:imap.mega-trans.pl:993
amerbil.pl:imap.amerbil.pl:993
zierozanski.pl:imap.zierozanski.pl:993
tarczynski.pl:imap.tarczynski.pl:993
byars.pl:imap.byars.pl:993
ele-comp.pl:imap.ele-comp.pl:993
asaj.pl:imap.asaj.pl:993
roboprojekt.pl:imap.roboprojekt.pl:993
maktek.pl:imap.maktek.pl:993
fungis.pl:imap.fungis.pl:993
eprojects.pl:imap.eprojects.pl:993
mpltechma.pl:imap.mpltechma.pl:993
chyzbet.pl:imap.chyzbet.pl:993
bros.pl:imap.bros.pl:993
braciamrozik.pl:imap.braciamrozik.pl:993
jk-elserwis.pl:imap.jk-elserwis.pl:993
contimax.pl:imap.contimax.pl:993
elektrokabel.pl:imap.elektrokabel.pl:993
smsnet.pl:imap.smsnet.pl:993
energpol.pl:imap.energpol.pl:993
woy.pl:imap.woy.pl:993
ameplus.pl:imap.ameplus.pl:993
kleen-tex.pl:imap.kleen-tex.pl:993
wojciechdybalski.pl:imap.wojciechdybalski.pl:993
kruger-plus.pl:imap.kruger-plus.pl:993
anmarsj.pl:imap.anmarsj.pl:993
lisiekaty.pl:imap.lisiekaty.pl:993
woy.pl:imap.woy.pl:993
mailik.pl:imap.mailik.pl:993
alfakutzmann.pl:imap.alfakutzmann.pl:993
plccontrol.pl:imap.plccontrol.pl:993
virtu.pl:imap.virtu.pl:993
plastimex.pl:imap.plastimex.pl:993
zeim.pl:imap.zeim.pl:993
tyron.pl:imap.tyron.pl:993
dan-napoje.pl:imap.dan-napoje.pl:993
rafstal.pl:imap.rafstal.pl:993
zlun.pl:imap.zlun.pl:993
italianpaper.pl:imap.italianpaper.pl:993
mazel.pl:imap.mazel.pl:993
ulmpoland.pl:imap.ulmpoland.pl:993
metalunion.pl:imap.metalunion.pl:993
ovovita.pl:imap.ovovita.pl:993
agrofirmaszczekociny.pl:imap.agrofirmaszczekociny.pl:993
zarmen.pl:imap.zarmen.pl:993
climatech.pl:imap.climatech.pl:993
rcgw.pl:imap.rcgw.pl:993
szarlota.pl:imap.szarlota.pl:993
controlproject.pl:imap.controlproject.pl:993
awex-pl.pl:imap.awex-pl.pl:993
in-kol.pl:imap.in-kol.pl:993
sendom.pl:imap.sendom.pl:993
erago.pl:imap.erago.pl:993
okucia-kasprzak.pl:imap.okucia-kasprzak.pl:993
mobruk.pl:imap.mobruk.pl:993
ssls.pl:imap.ssls.pl:993
probon.pl:imap.probon.pl:993
wdx.pl:imap.wdx.pl:993
quartz.pl:imap.quartz.pl:993
rue.pl:imap.rue.pl:993
kobax.pl:imap.kobax.pl:993
ip-projekt.pl:imap.ip-projekt.pl:993
gumexsc.pl:imap.gumexsc.pl:993
elwiko.pl:imap.elwiko.pl:993
wandzel.pl:imap.wandzel.pl:993
budokrusz.pl:imap.budokrusz.pl:993
elko.pl:imap.elko.pl:993
ashoka.pl:imap.ashoka.pl:993
velocity.pl:imap.velocity.pl:993
volleytigers.pl:imap.volleytigers.pl:993
pzps.pl:imap.pzps.pl:993
pzps.pl:imap.pzps.pl:993
pzps.pl:imap.pzps.pl:993
pzps.pl:imap.pzps.pl:993
erispartner.pl:imap.erispartner.pl:993
world.pl:imap.world.pl:993
ap.pl:imap.ap.pl:993
nathusius.pl:imap.nathusius.pl:993
plewnia.pl:imap.plewnia.pl:993
planszomania.pl:imap.planszomania.pl:993
dymarczyk.pl:imap.dymarczyk.pl:993
e-post.pl:imap.e-post.pl:993
mikrotransport.pl:imap.mikrotransport.pl:993
agra-trans.pl:imap.agra-trans.pl:993
prestige-investments.pl:imap.prestige-investments.pl:993
samnord.pl:imap.samnord.pl:993
roldrzew.pl:imap.roldrzew.pl:993
atlasbs.pl:imap.atlasbs.pl:993
eurotrex.pl:imap.eurotrex.pl:993
nth.pl:imap.nth.pl:993
grupaoscar.pl:imap.grupaoscar.pl:993
pet-komp.pl:imap.pet-komp.pl:993
pctrans.pl:imap.pctrans.pl:993
uniwersytetdzieci.pl:imap.uniwersytetdzieci.pl:993
arigato.pl:imap.arigato.pl:993
go.pl:imap.go.pl:993
www.pl:imap.www.pl:993
eu.pl:imap.eu.pl:993
wpl.pl:imap.wpl.pl:993
ft.pl:imap.ft.pl:993
bloch.pl:imap.bloch.pl:993
domena.pl:imap.domena.pl:993
soso.pl:imap.soso.pl:993
aga.pl:imap.aga.pl:993
andruszewsky.pl:imap.andruszewsky.pl:993
neonica.pl:imap.neonica.pl:993
entim.pl:imap.entim.pl:993
softq.pl:imap.softq.pl:993
lfv.pl:imap.lfv.pl:993
anser.pl:imap.anser.pl:993
makromor.pl:imap.makromor.pl:993
lasermedia.pl:imap.lasermedia.pl:993
servicelaser.pl:imap.servicelaser.pl:993
adaptive.pl:imap.adaptive.pl:993
honest-well.pl:imap.honest-well.pl:993
rewolt.pl:imap.rewolt.pl:993
michalniemiec.pl:imap.michalniemiec.pl:993
omnikon.pl:imap.omnikon.pl:993
domel.pl:imap.domel.pl:993
sho.pl:imap.sho.pl:993
muzeumwspolczesne.pl:imap.muzeumwspolczesne.pl:993
arttomorrow.pl:imap.arttomorrow.pl:993
artmuseum.pl:imap.artmuseum.pl:993
galeria-arsenal.pl:imap.galeria-arsenal.pl:993
hypercrew.pl:imap.hypercrew.pl:993
eastnews.pl:imap.eastnews.pl:993
ikp.pl:imap.ikp.pl:993
bridgemedia.pl:imap.bridgemedia.pl:993
biowet-drwalew.pl:imap.biowet-drwalew.pl:993
adammieczynski.pl:imap.adammieczynski.pl:993
nagraj.pl:imap.nagraj.pl:993
celt.pl:imap.celt.pl:993
ornontowice.pl:imap.ornontowice.pl:993
commu.pl:imap.commu.pl:993
tittinger.pl:imap.tittinger.pl:993
apollorida.pl:imap.apollorida.pl:993
perytnet.pl:imap.perytnet.pl:993